League,Type,Contact Name,Email,Phone,Address,Email 1 Sent,Email 2 Sent,Email 3 Sent,Response,Response Date,Notes
Basketball NSW,State Association,,info@bnsw.com.au,02 8765 8555,"Unit 27, 11-21 Underwood Road, Homebush NSW 2140",,,,,,Largest state association. Waratah Junior Leagues (7 leagues). Has Coach Development page.
Basketball Victoria,State Association,Rob Coulter (Coach Dev Officer),enquiries@basketballvictoria.com.au; coaching@basketballvictoria.com.au,+61 3 9837 8000,"State Basketball Centre, 291 George Street, Wantirna South VIC 3152",,,,,,VJBL: 1200+ teams from 54 associations. CEO: Nick Honey (nick.honey@basketballvictoria.com.au).
Basketball Queensland,State Association,Luke McGuire (Coach Dev Mgr),admin@basketballqld.net.au; coachdev@basketballqld.net.au,(07) 2113 4835,"Logan Metro Sports & Events Centre, 357 Browns Plains Rd, Crestmead QLD 4132",,,,,,Coach Dev Mgr: Luke McGuire (0412 080 677). Dev Officer: Patrick McInerney.
Basketball SA,State Association,Tim Brenton (CEO),, (08) 7088 0070,"Building 3, Level 1, 32-56 Sir Donald Bradman Drive, Mile End SA 5031",,,,,,Contact via form at basketballsa.com.au/contact-us/. 15+ club emails available.
Basketball WA,State Association,,,TBD,TBD,,,,,Contact research pending.
Basketball Tasmania,State Association,,,TBD,TBD,,,,,Contact research pending.
Basketball ACT,State Association,,,TBD,TBD,,,,,Contact research pending.
Basketball NT,State Association,,,TBD,TBD,,,,,Contact research pending.
Wyndham Basketball (VIC),Local Association,Jackie Stephens (Rep Coordinator),rep@wyndhambasketball.com,0447 934 512,TBD,,,,,VJBL member. Over 40 junior teams. Director of Coaching structure.
Banyule Hawks (VIC),Local Club,,info@banyulehawks.com.au,0423 927 508,"PO Box 876 Macleod VIC 3088",,,,,,EDJBA member. Has Coach Handbook with substitution guidance page — perfect SubTracker fit.
Southern Peninsula BA,Local Association,Matt Brasser,,TBD,TBD,,,,,Has coaching resources page with substitution spreadsheet — SubTracker could replace this.
BMBA Basketball Academy,Academy/Club,Bob Mann,,TBD,TBD,,,,,Growing junior program. Recently restarted Friday matches. Actively recruiting coaches.
EDJBA,Junior Association,,,TBD,TBD,,,,,Multiple clubs compete (Banyule Hawks, Whitehorse Mustangs). Large coach base.
